SALESORDERID,CREATEDAT,PARTNERID,CURRENCY,GROSSAMOUNT,NETAMOUNT,TAXAMOUNT
500000000,20180101,100000000,EUR,26581.03,22337,4244.03
500000001,20180101,100000002,EUR,9417.66,7914,1503.66
500000002,20180101,100000005,EUR,5631.08,4732,899.08
500000003,20180101,100000006,EUR,1405.39,1181,224.39
500000004,20180101,100000006,EUR,761.24,639.7,121.54
500000005,20180101,100000008,EUR,101299.22,85125.4,16173.82
500000006,20180101,100000003,EUR,250.73,210.7,40.03
500000007,20180101,100000004,EUR,10549.35,8865,1684.35
500000008,20180101,100000009,EUR,195.16,164,31.16
500000009,20180101,100000000,EUR,3972.22,3338,634.22
500000010,20180101,100000002,EUR,3598.92,3024.3,574.62
500000011,20180101,100000004,EUR,325.94,273.9,52.04
500000012,20180101,100000005,EUR,24395,20500,3895
500000013,20180101,100000006,EUR,5527.55,4645,882.55
500000014,20180101,100000006,EUR,3459.33,2907,552.33
500000015,20180101,100000008,EUR,852.04,716,136.04
500000016,20180101,100000004,EUR,1916.5,1610.5,306
500000017,20180101,100000005,EUR,178.14,149.7,28.44
500000018,20180101,100000002,EUR,871.55,732.4,139.15
500000019,20180101,100000009,EUR,1028.15,864,164.15
500000020,20180101,100000000,EUR,5523.38,4641.5,881.88
500000021,20180101,100000002,EUR,187.54,157.6,29.94
500000022,20180101,100000006,EUR,521.22,438,83.22
500000023,20180101,100000008,EUR,411.5,345.8,65.7
500000024,20180101,100000005,EUR,11552.52,9708,1844.52
500000025,20180101,100000003,EUR,26581.03,22337,4244.03
500000026,20180101,100000003,EUR,9417.66,7914,1503.66
500000027,20180101,100000003,EUR,5631.08,4732,899.08
500000028,20180101,100000008,EUR,1405.39,1181,224.39
500000029,20180101,100000004,EUR,761.24,639.7,121.54
500000030,20180101,100000006,EUR,101299.22,85125.4,16173.82
500000031,20180101,100000004,EUR,250.73,210.7,40.03
500000032,20180101,100000006,EUR,10549.35,8865,1684.35
500000033,20180101,100000009,EUR,195.16,164,31.16
500000034,20180101,100000000,EUR,107100,90000,17100
500000035,20180101,100000002,EUR,4415.73,3710.7,705.03
500000036,20180101,100000003,EUR,325.94,273.9,52.04
500000037,20180101,100000005,EUR,24220.07,20353,3867.07
500000038,20180101,100000006,EUR,4499.87,3781.4,718.47
500000039,20180101,100000006,EUR,2727.24,2291.8,435.44
500000040,20180101,100000008,EUR,530.62,445.9,84.72
500000041,20180101,100000004,EUR,803.25,675,128.25
500000042,20180101,100000002,EUR,178.14,149.7,28.44
500000043,20180101,100000005,EUR,871.55,732.4,139.15
500000044,20180101,100000009,EUR,6543.8,5499,1044.8
500000045,20180101,100000000,EUR,113032.74,94985.5,18047.24
500000046,20180101,100000002,EUR,114.24,96,18.24
500000047,20180101,100000008,EUR,521.22,438,83.22
500000048,20180101,100000006,EUR,411.5,345.8,65.7
500000049,20180101,100000005,EUR,11379.97,9563,1816.97
500000050,20180101,100000026,EUR,26581.03,22337,4244.03
500000051,20180101,100000025,EUR,9417.66,7914,1503.66
500000052,20180101,100000022,EUR,5631.08,4732,899.08
500000053,20180101,100000024,EUR,1405.39,1181,224.39
500000054,20180101,100000024,EUR,761.24,639.7,121.54
500000055,20180101,100000021,EUR,101299.22,85125.4,16173.82
500000056,20180101,100000023,EUR,250.73,210.7,40.03
500000057,20180101,100000019,EUR,10549.35,8865,1684.35
500000058,20180101,100000026,EUR,195.16,164,31.16
500000059,20180101,100000026,EUR,3972.22,3338,634.22
500000060,20180101,100000025,EUR,3598.92,3024.3,574.62
500000061,20180101,100000019,EUR,325.94,273.9,52.04
500000062,20180101,100000022,EUR,24395,20500,3895
500000063,20180101,100000024,EUR,5527.55,4645,882.55
500000064,20180101,100000024,EUR,3459.33,2907,552.33
500000065,20180101,100000021,EUR,852.04,716,136.04
500000066,20180101,100000019,EUR,1916.5,1610.5,306
500000067,20180101,100000022,EUR,178.14,149.7,28.44
500000068,20180101,100000025,EUR,871.55,732.4,139.15
500000069,20180101,100000026,EUR,1028.15,864,164.15
500000070,20180101,100000026,EUR,5523.38,4641.5,881.88
500000071,20180101,100000025,EUR,187.54,157.6,29.94
500000072,20180101,100000024,EUR,521.22,438,83.22
500000073,20180101,100000021,EUR,411.5,345.8,65.7
500000074,20180101,100000022,EUR,11552.52,9708,1844.52
500000075,20180101,100000023,EUR,26581.03,22337,4244.03
500000076,20180101,100000023,EUR,9417.66,7914,1503.66
500000077,20180101,100000023,EUR,5631.08,4732,899.08
500000078,20180101,100000021,EUR,1405.39,1181,224.39
500000079,20180101,100000019,EUR,761.24,639.7,121.54
500000080,20180101,100000024,EUR,101299.22,85125.4,16173.82
500000081,20180101,100000019,EUR,250.73,210.7,40.03
500000082,20180101,100000024,EUR,10549.35,8865,1684.35
500000083,20180101,100000026,EUR,195.16,164,31.16
500000084,20180101,100000026,EUR,107100,90000,17100
500000085,20180101,100000025,EUR,4415.73,3710.7,705.03
500000086,20180101,100000023,EUR,325.94,273.9,52.04
500000087,20180101,100000022,EUR,24220.07,20353,3867.07
500000088,20180101,100000024,EUR,4499.87,3781.4,718.47
500000089,20180101,100000024,EUR,2727.24,2291.8,435.44
500000090,20180101,100000021,EUR,530.62,445.9,84.72
500000091,20180101,100000019,EUR,803.25,675,128.25
500000092,20180101,100000025,EUR,178.14,149.7,28.44
500000093,20180101,100000022,EUR,871.55,732.4,139.15
500000094,20180101,100000026,EUR,6543.8,5499,1044.8
500000095,20180101,100000026,EUR,113032.74,94985.5,18047.24
500000096,20180101,100000025,EUR,114.24,96,18.24
500000097,20180101,100000021,EUR,521.22,438,83.22
500000098,20180101,100000024,EUR,411.5,345.8,65.7
500000099,20180201,100000022,EUR,11379.97,9563,1816.97
500000100,20180201,100000012,EUR,26581.03,22337,4244.03
500000101,20180201,100000011,EUR,9417.66,7914,1503.66
500000102,20180201,100000015,EUR,5631.08,4732,899.08
500000103,20180201,100000013,EUR,1405.39,1181,224.39
500000104,20180201,100000013,EUR,761.24,639.7,121.54
500000105,20180201,100000014,EUR,101299.22,85125.4,16173.82
500000106,20180201,100000016,EUR,250.73,210.7,40.03
500000107,20180201,100000017,EUR,10549.35,8865,1684.35
500000108,20180201,100000018,EUR,195.16,164,31.16
500000109,20180201,100000012,EUR,3972.22,3338,634.22
500000110,20180201,100000011,EUR,3598.92,3024.3,574.62
500000111,20180201,100000017,EUR,325.94,273.9,52.04
500000112,20180201,100000015,EUR,24395,20500,3895
500000113,20180201,100000013,EUR,5527.55,4645,882.55
500000114,20180201,100000013,EUR,3459.33,2907,552.33
500000115,20180201,100000014,EUR,852.04,716,136.04
500000116,20180201,100000017,EUR,1916.5,1610.5,306
500000117,20180201,100000015,EUR,178.14,149.7,28.44
500000118,20180201,100000011,EUR,871.55,732.4,139.15
500000119,20180201,100000018,EUR,1028.15,864,164.15
500000120,20180201,100000012,EUR,5523.38,4641.5,881.88
500000121,20180201,100000011,EUR,187.54,157.6,29.94
500000122,20180201,100000013,EUR,521.22,438,83.22
500000123,20180201,100000014,EUR,411.5,345.8,65.7
500000124,20180201,100000015,EUR,11552.52,9708,1844.52
500000125,20180201,100000016,EUR,26581.03,22337,4244.03
500000126,20180201,100000016,EUR,9417.66,7914,1503.66
500000127,20180201,100000016,EUR,5631.08,4732,899.08
500000128,20180201,100000014,EUR,1405.39,1181,224.39
500000129,20180201,100000017,EUR,761.24,639.7,121.54
500000130,20180201,100000013,EUR,101299.22,85125.4,16173.82
500000131,20180201,100000017,EUR,250.73,210.7,40.03
500000132,20180201,100000013,EUR,10549.35,8865,1684.35
500000133,20180201,100000018,EUR,195.16,164,31.16
500000134,20180201,100000012,EUR,107100,90000,17100
500000135,20180201,100000011,EUR,4415.73,3710.7,705.03
500000136,20180201,100000016,EUR,325.94,273.9,52.04
500000137,20180201,100000015,EUR,24220.07,20353,3867.07
500000138,20180201,100000013,EUR,4499.87,3781.4,718.47
500000139,20180201,100000013,EUR,2727.24,2291.8,435.44
500000140,20180201,100000014,EUR,530.62,445.9,84.72
500000141,20180201,100000017,EUR,803.25,675,128.25
500000142,20180201,100000011,EUR,178.14,149.7,28.44
500000143,20180201,100000015,EUR,871.55,732.4,139.15
500000144,20180201,100000018,EUR,6543.8,5499,1044.8
500000145,20180201,100000012,EUR,113032.74,94985.5,18047.24
500000146,20180201,100000011,EUR,114.24,96,18.24
500000147,20180201,100000014,EUR,521.22,438,83.22
500000148,20180201,100000013,EUR,411.5,345.8,65.7
500000149,20180201,100000015,EUR,11379.97,9563,1816.97
500000150,20180201,100000028,EUR,26581.03,22337,4244.03
500000151,20180201,100000030,EUR,9417.66,7914,1503.66
500000152,20180301,100000031,EUR,5631.08,4732,899.08
500000153,20180301,100000032,EUR,1405.39,1181,224.39
500000154,20180301,100000032,EUR,761.24,639.7,121.54
500000155,20180301,100000033,EUR,101299.22,85125.4,16173.82
500000156,20180301,100000034,EUR,250.73,210.7,40.03
500000157,20180301,100000035,EUR,10549.35,8865,1684.35
500000158,20180301,100000027,EUR,195.16,164,31.16
500000159,20180301,100000028,EUR,3972.22,3338,634.22
500000160,20180301,100000030,EUR,3598.92,3024.3,574.62
500000161,20180301,100000035,EUR,325.94,273.9,52.04
500000162,20180301,100000031,EUR,24395,20500,3895
500000163,20180301,100000032,EUR,5527.55,4645,882.55
500000164,20180301,100000032,EUR,3459.33,2907,552.33
500000165,20180301,100000033,EUR,852.04,716,136.04
500000166,20180301,100000035,EUR,1916.5,1610.5,306
500000167,20180301,100000031,EUR,178.14,149.7,28.44
500000168,20180301,100000030,EUR,871.55,732.4,139.15
500000169,20180301,100000027,EUR,1028.15,864,164.15
500000170,20180301,100000028,EUR,5523.38,4641.5,881.88
500000171,20180301,100000030,EUR,187.54,157.6,29.94
500000172,20180301,100000032,EUR,521.22,438,83.22
500000173,20180301,100000033,EUR,411.5,345.8,65.7
500000174,20180301,100000031,EUR,11552.52,9708,1844.52
500000175,20180301,100000034,EUR,26581.03,22337,4244.03
500000176,20180301,100000034,EUR,9417.66,7914,1503.66
500000177,20180301,100000034,EUR,5631.08,4732,899.08
500000178,20180301,100000033,EUR,1405.39,1181,224.39
500000179,20180301,100000035,EUR,761.24,639.7,121.54
500000180,20180301,100000032,EUR,101299.22,85125.4,16173.82
500000181,20180301,100000035,EUR,250.73,210.7,40.03
500000182,20180301,100000032,EUR,10549.35,8865,1684.35
500000183,20180301,100000027,EUR,195.16,164,31.16
500000184,20180301,100000028,EUR,107100,90000,17100
500000185,20180301,100000030,EUR,4415.73,3710.7,705.03
500000186,20180301,100000034,EUR,325.94,273.9,52.04
500000187,20180301,100000031,EUR,24220.07,20353,3867.07
500000188,20180301,100000032,EUR,4499.87,3781.4,718.47
500000189,20180301,100000032,EUR,2727.24,2291.8,435.44
500000190,20180301,100000033,EUR,530.62,445.9,84.72
500000191,20180301,100000035,EUR,803.25,675,128.25
500000192,20180301,100000030,EUR,178.14,149.7,28.44
500000193,20180301,100000031,EUR,871.55,732.4,139.15
500000194,20180301,100000027,EUR,6543.8,5499,1044.8
500000195,20180301,100000028,EUR,113032.74,94985.5,18047.24
500000196,20180301,100000030,EUR,114.24,96,18.24
500000197,20180301,100000033,EUR,521.22,438,83.22
500000198,20180301,100000032,EUR,411.5,345.8,65.7
500000199,20180301,100000031,EUR,11379.97,9563,1816.97
500000200,20180301,100000044,EUR,26581.03,22337,4244.03
500000201,20180301,100000036,EUR,9417.66,7914,1503.66
500000202,20180301,100000038,EUR,5631.08,4732,899.08
500000203,20180301,100000037,EUR,1405.39,1181,224.39
500000204,20180301,100000037,EUR,761.24,639.7,121.54
500000205,20180301,100000042,EUR,101299.22,85125.4,16173.82
500000206,20180301,100000044,EUR,250.73,210.7,40.03
500000207,20180301,100000041,EUR,10549.35,8865,1684.35
500000208,20180301,100000043,EUR,195.16,164,31.16
500000209,20180301,100000044,EUR,3972.22,3338,634.22
500000210,20180301,100000036,EUR,3598.92,3024.3,574.62
500000211,20180301,100000041,EUR,325.94,273.9,52.04
500000212,20180301,100000038,EUR,24395,20500,3895
500000213,20180301,100000037,EUR,5527.55,4645,882.55
500000214,20180301,100000037,EUR,3459.33,2907,552.33
500000215,20180301,100000042,EUR,852.04,716,136.04
500000216,20180301,100000041,EUR,1916.5,1610.5,306
500000217,20180301,100000038,EUR,178.14,149.7,28.44
500000218,20180301,100000036,EUR,871.55,732.4,139.15
500000219,20170101,100000043,EUR,1028.15,864,164.15
500000220,20170101,100000044,EUR,5523.38,4641.5,881.88
500000221,20170101,100000036,EUR,187.54,157.6,29.94
500000222,20170101,100000037,EUR,521.22,438,83.22
500000223,20170101,100000042,EUR,411.5,345.8,65.7
500000224,20170101,100000038,EUR,11552.52,9708,1844.52
500000225,20170101,100000044,EUR,26581.03,22337,4244.03
500000226,20170101,100000044,EUR,9417.66,7914,1503.66
500000227,20170101,100000044,EUR,5631.08,4732,899.08
500000228,20170101,100000042,EUR,1405.39,1181,224.39
500000229,20170101,100000041,EUR,761.24,639.7,121.54
500000230,20170101,100000037,EUR,101299.22,85125.4,16173.82
500000231,20170101,100000041,EUR,250.73,210.7,40.03
500000232,20170101,100000037,EUR,10549.35,8865,1684.35
500000233,20170101,100000043,EUR,195.16,164,31.16
500000234,20170101,100000044,EUR,107100,90000,17100
500000235,20170101,100000036,EUR,4415.73,3710.7,705.03
500000236,20170101,100000044,EUR,325.94,273.9,52.04
500000237,20170101,100000038,EUR,24220.07,20353,3867.07
500000238,20170101,100000037,EUR,4499.87,3781.4,718.47
500000239,20170101,100000037,EUR,2727.24,2291.8,435.44
500000240,20170101,100000042,EUR,530.62,445.9,84.72
500000241,20170101,100000041,EUR,803.25,675,128.25
500000242,20170101,100000036,EUR,178.14,149.7,28.44
500000243,20170101,100000038,EUR,871.55,732.4,139.15
500000244,20170101,100000043,EUR,6543.8,5499,1044.8
500000245,20170101,100000044,EUR,113032.74,94985.5,18047.24
500000246,20170101,100000036,EUR,114.24,96,18.24
500000247,20170101,100000042,EUR,521.22,438,83.22
500000248,20170101,100000037,EUR,411.5,345.8,65.7
500000249,20170101,100000038,EUR,11379.97,9563,1816.97
500000250,20170101,100000000,EUR,26581.03,22337,4244.03
500000251,20170101,100000002,EUR,9417.66,7914,1503.66
500000252,20170101,100000005,EUR,5631.08,4732,899.08
500000253,20170101,100000006,EUR,1405.39,1181,224.39
500000254,20170101,100000006,EUR,761.24,639.7,121.54
500000255,20170101,100000008,EUR,101299.22,85125.4,16173.82
500000256,20170101,100000003,EUR,250.73,210.7,40.03
500000257,20170101,100000004,EUR,10549.35,8865,1684.35
500000258,20170101,100000009,EUR,195.16,164,31.16
500000259,20170101,100000000,EUR,3972.22,3338,634.22
500000260,20170101,100000002,EUR,3598.92,3024.3,574.62
500000261,20170101,100000004,EUR,325.94,273.9,52.04
500000262,20170101,100000005,EUR,24395,20500,3895
500000263,20170101,100000006,EUR,5527.55,4645,882.55
500000264,20170101,100000006,EUR,3459.33,2907,552.33
500000265,20170101,100000008,EUR,852.04,716,136.04
500000266,20170101,100000004,EUR,1916.5,1610.5,306
500000267,20170101,100000005,EUR,178.14,149.7,28.44
500000268,20170101,100000002,EUR,871.55,732.4,139.15
500000269,20170101,100000009,EUR,1028.15,864,164.15
500000270,20170101,100000000,EUR,5523.38,4641.5,881.88
500000271,20170101,100000002,EUR,187.54,157.6,29.94
500000272,20170101,100000006,EUR,521.22,438,83.22
500000273,20170101,100000008,EUR,411.5,345.8,65.7
500000274,20170101,100000005,EUR,11552.52,9708,1844.52
500000275,20170101,100000003,EUR,26581.03,22337,4244.03
500000276,20170101,100000003,EUR,9417.66,7914,1503.66
500000277,20170101,100000003,EUR,5631.08,4732,899.08
500000278,20180301,100000008,EUR,1405.39,1181,224.39
500000279,20180301,100000004,EUR,761.24,639.7,121.54
500000280,20180301,100000006,EUR,101299.22,85125.4,16173.82
500000281,20180301,100000004,EUR,250.73,210.7,40.03
500000282,20180301,100000006,EUR,10549.35,8865,1684.35
500000283,20180301,100000009,EUR,195.16,164,31.16
500000284,20180301,100000000,EUR,107100,90000,17100
500000285,20180301,100000002,EUR,4415.73,3710.7,705.03
500000286,20180301,100000003,EUR,325.94,273.9,52.04
500000287,20180301,100000005,EUR,24220.07,20353,3867.07
500000288,20180301,100000006,EUR,4499.87,3781.4,718.47
500000289,20180301,100000006,EUR,2727.24,2291.8,435.44
500000290,20180301,100000008,EUR,530.62,445.9,84.72
500000291,20180301,100000004,EUR,803.25,675,128.25
500000292,20180301,100000002,EUR,178.14,149.7,28.44
500000293,20180301,100000005,EUR,871.55,732.4,139.15
500000294,20180301,100000009,EUR,6543.8,5499,1044.8
500000295,20180301,100000000,EUR,113032.74,94985.5,18047.24
500000296,20180301,100000002,EUR,114.24,96,18.24
500000297,20180301,100000008,EUR,521.22,438,83.22
500000298,20180301,100000006,EUR,411.5,345.8,65.7
500000299,20180301,100000005,EUR,11379.97,9563,1816.97
500000300,20180301,100000026,EUR,26581.03,22337,4244.03
500000301,20180301,100000025,EUR,9417.66,7914,1503.66
500000302,20180301,100000022,EUR,5631.08,4732,899.08
500000303,20180301,100000024,EUR,1405.39,1181,224.39
500000304,20180301,100000024,EUR,761.24,639.7,121.54
500000305,20180301,100000021,EUR,101299.22,85125.4,16173.82
500000306,20180301,100000023,EUR,250.73,210.7,40.03
500000307,20180301,100000019,EUR,10549.35,8865,1684.35
500000308,20180301,100000026,EUR,195.16,164,31.16
500000309,20180301,100000026,EUR,3972.22,3338,634.22
500000310,20180301,100000025,EUR,3598.92,3024.3,574.62
500000311,20180301,100000019,EUR,325.94,273.9,52.04
500000312,20180301,100000022,EUR,24395,20500,3895
500000313,20180301,100000024,EUR,5527.55,4645,882.55
500000314,20180301,100000024,EUR,3459.33,2907,552.33
500000315,20180301,100000021,EUR,852.04,716,136.04
500000316,20180301,100000019,EUR,1916.5,1610.5,306
500000317,20180301,100000022,EUR,178.14,149.7,28.44
500000318,20180301,100000025,EUR,871.55,732.4,139.15
500000319,20180301,100000026,EUR,1028.15,864,164.15
500000320,20170401,100000026,EUR,5523.38,4641.5,881.88
500000321,20170401,100000025,EUR,187.54,157.6,29.94
500000322,20170401,100000024,EUR,521.22,438,83.22
500000323,20170401,100000021,EUR,411.5,345.8,65.7
500000324,20170401,100000022,EUR,11552.52,9708,1844.52
500000325,20170401,100000023,EUR,26581.03,22337,4244.03
500000326,20170401,100000023,EUR,9417.66,7914,1503.66
500000327,20170401,100000023,EUR,5631.08,4732,899.08
500000328,20170401,100000021,EUR,1405.39,1181,224.39
500000329,20170401,100000019,EUR,761.24,639.7,121.54
500000330,20170401,100000024,EUR,101299.22,85125.4,16173.82
500000331,20170401,100000019,EUR,250.73,210.7,40.03
500000332,20170401,100000024,EUR,10549.35,8865,1684.35
500000333,20170401,100000026,EUR,195.16,164,31.16
500000334,20170401,100000026,EUR,107100,90000,17100
500000335,20170401,100000025,EUR,4415.73,3710.7,705.03
500000336,20170401,100000023,EUR,325.94,273.9,52.04
500000337,20170401,100000022,EUR,24220.07,20353,3867.07
500000338,20170401,100000024,EUR,4499.87,3781.4,718.47
500000339,20170401,100000024,EUR,2727.24,2291.8,435.44
500000340,20170401,100000021,EUR,530.62,445.9,84.72
500000341,20170401,100000019,EUR,803.25,675,128.25
500000342,20170401,100000025,EUR,178.14,149.7,28.44
500000343,20170401,100000022,EUR,871.55,732.4,139.15
500000344,20170401,100000026,EUR,6543.8,5499,1044.8
500000345,20170401,100000026,EUR,113032.74,94985.5,18047.24
500000346,20170401,100000025,EUR,114.24,96,18.24
500000347,20170401,100000021,EUR,521.22,438,83.22
500000348,20170401,100000024,EUR,411.5,345.8,65.7
500000349,20170401,100000022,EUR,11379.97,9563,1816.97
500000350,20170401,100000012,EUR,26581.03,22337,4244.03
500000351,20170401,100000011,EUR,9417.66,7914,1503.66
500000352,20170401,100000015,EUR,5631.08,4732,899.08
500000353,20170401,100000013,EUR,1405.39,1181,224.39
500000354,20170401,100000013,EUR,761.24,639.7,121.54
500000355,20170401,100000014,EUR,101299.22,85125.4,16173.82
500000356,20170401,100000016,EUR,250.73,210.7,40.03
500000357,20170401,100000017,EUR,10549.35,8865,1684.35
500000358,20170401,100000018,EUR,195.16,164,31.16
500000359,20170401,100000012,EUR,3972.22,3338,634.22
500000360,20170401,100000011,EUR,3598.92,3024.3,574.62
500000361,20170401,100000017,EUR,325.94,273.9,52.04
500000362,20170401,100000015,EUR,24395,20500,3895
500000363,20170401,100000013,EUR,5527.55,4645,882.55
500000364,20170401,100000013,EUR,3459.33,2907,552.33
500000365,20170401,100000014,EUR,852.04,716,136.04
500000366,20170401,100000017,EUR,1916.5,1610.5,306
500000367,20170401,100000015,EUR,178.14,149.7,28.44
500000368,20170401,100000011,EUR,871.55,732.4,139.15
500000369,20170401,100000018,EUR,1028.15,864,164.15
500000370,20170401,100000012,EUR,5523.38,4641.5,881.88
500000371,20170401,100000011,EUR,187.54,157.6,29.94
500000372,20170401,100000013,EUR,521.22,438,83.22
500000373,20170401,100000014,EUR,411.5,345.8,65.7
500000374,20170401,100000015,EUR,11552.52,9708,1844.52
500000375,20170401,100000016,EUR,26581.03,22337,4244.03
500000376,20170401,100000016,EUR,9417.66,7914,1503.66
500000377,20170401,100000016,EUR,5631.08,4732,899.08
500000378,20170401,100000014,EUR,1405.39,1181,224.39
500000379,20170401,100000017,EUR,761.24,639.7,121.54
500000380,20170401,100000013,EUR,101299.22,85125.4,16173.82
500000381,20170401,100000017,EUR,250.73,210.7,40.03
500000382,20170401,100000013,EUR,10549.35,8865,1684.35
500000383,20170401,100000018,EUR,195.16,164,31.16
500000384,20170401,100000012,EUR,107100,90000,17100
500000385,20170401,100000011,EUR,4415.73,3710.7,705.03
500000386,20170401,100000016,EUR,325.94,273.9,52.04
500000387,20170401,100000015,EUR,24220.07,20353,3867.07
500000388,20170401,100000013,EUR,4499.87,3781.4,718.47
500000389,20170401,100000013,EUR,2727.24,2291.8,435.44
500000390,20170401,100000014,EUR,530.62,445.9,84.72
500000391,20170401,100000017,EUR,803.25,675,128.25
500000392,20170401,100000011,EUR,178.14,149.7,28.44
500000393,20170401,100000015,EUR,871.55,732.4,139.15
500000394,20170401,100000018,EUR,6543.8,5499,1044.8
500000395,20170401,100000012,EUR,113032.74,94985.5,18047.24
500000396,20170401,100000011,EUR,114.24,96,18.24
500000397,20170401,100000014,EUR,521.22,438,83.22
500000398,20170401,100000013,EUR,411.5,345.8,65.7
500000399,20170401,100000015,EUR,11379.97,9563,1816.97
500000400,20170401,100000028,EUR,26581.03,22337,4244.03
500000401,20170401,100000030,EUR,9417.66,7914,1503.66
500000402,20170401,100000031,EUR,5631.08,4732,899.08
500000403,20170401,100000032,EUR,1405.39,1181,224.39
500000404,20170401,100000032,EUR,761.24,639.7,121.54
500000405,20170401,100000033,EUR,101299.22,85125.4,16173.82
500000406,20170401,100000034,EUR,250.73,210.7,40.03
500000407,20170401,100000035,EUR,10549.35,8865,1684.35
500000408,20170401,100000027,EUR,195.16,164,31.16
500000409,20170401,100000028,EUR,3972.22,3338,634.22
500000410,20170401,100000030,EUR,3598.92,3024.3,574.62
500000411,20170401,100000035,EUR,325.94,273.9,52.04
500000412,20170401,100000031,EUR,24395,20500,3895
500000413,20170401,100000032,EUR,5527.55,4645,882.55
500000414,20170401,100000032,EUR,3459.33,2907,552.33
500000415,20170401,100000033,EUR,852.04,716,136.04
500000416,20170401,100000035,EUR,1916.5,1610.5,306
500000417,20170401,100000031,EUR,178.14,149.7,28.44
500000418,20170401,100000030,EUR,871.55,732.4,139.15
500000419,20170401,100000027,EUR,1028.15,864,164.15
500000420,20170401,100000028,EUR,5523.38,4641.5,881.88
500000421,20170401,100000030,EUR,187.54,157.6,29.94
500000422,20170401,100000032,EUR,521.22,438,83.22
500000423,20170401,100000033,EUR,411.5,345.8,65.7
500000424,20170401,100000031,EUR,11552.52,9708,1844.52
500000425,20160301,100000034,EUR,26581.03,22337,4244.03
500000426,20160301,100000034,EUR,9417.66,7914,1503.66
500000427,20160301,100000034,EUR,5631.08,4732,899.08
500000428,20160301,100000033,EUR,1405.39,1181,224.39
500000429,20160301,100000035,EUR,761.24,639.7,121.54
500000430,20160301,100000032,EUR,101299.22,85125.4,16173.82
500000431,20160301,100000035,EUR,250.73,210.7,40.03
500000432,20160301,100000032,EUR,10549.35,8865,1684.35
500000433,20160301,100000027,EUR,195.16,164,31.16
500000434,20160301,100000028,EUR,107100,90000,17100
500000435,20160301,100000030,EUR,4415.73,3710.7,705.03
500000436,20160301,100000034,EUR,325.94,273.9,52.04
500000437,20160301,100000031,EUR,24220.07,20353,3867.07
500000438,20160301,100000032,EUR,4499.87,3781.4,718.47
500000439,20160301,100000032,EUR,2727.24,2291.8,435.44
500000440,20160301,100000033,EUR,530.62,445.9,84.72
500000441,20160301,100000035,EUR,803.25,675,128.25
500000442,20160301,100000030,EUR,178.14,149.7,28.44
500000443,20160301,100000031,EUR,871.55,732.4,139.15
500000444,20160301,100000027,EUR,6543.8,5499,1044.8
500000445,20160301,100000028,EUR,113032.74,94985.5,18047.24
500000446,20160301,100000030,EUR,114.24,96,18.24
500000447,20160301,100000033,EUR,521.22,438,83.22
500000448,20160301,100000032,EUR,411.5,345.8,65.7
500000449,20160301,100000031,EUR,11379.97,9563,1816.97
500000450,20160301,100000044,EUR,26581.03,22337,4244.03
500000451,20160301,100000036,EUR,9417.66,7914,1503.66
500000452,20160301,100000038,EUR,5631.08,4732,899.08
500000453,20160301,100000037,EUR,1405.39,1181,224.39
500000454,20160301,100000037,EUR,761.24,639.7,121.54
500000455,20160301,100000042,EUR,101299.22,85125.4,16173.82
500000456,20160301,100000044,EUR,250.73,210.7,40.03
500000457,20160301,100000041,EUR,10549.35,8865,1684.35
500000458,20160301,100000043,EUR,195.16,164,31.16
500000459,20160301,100000044,EUR,3972.22,3338,634.22
500000460,20160301,100000036,EUR,3598.92,3024.3,574.62
500000461,20160301,100000041,EUR,325.94,273.9,52.04
500000462,20160301,100000038,EUR,24395,20500,3895
500000463,20160301,100000037,EUR,5527.55,4645,882.55
500000464,20160301,100000037,EUR,3459.33,2907,552.33
500000465,20160301,100000042,EUR,852.04,716,136.04
500000466,20160301,100000041,EUR,1916.5,1610.5,306
500000467,20160301,100000038,EUR,178.14,149.7,28.44
500000468,20160301,100000036,EUR,871.55,732.4,139.15
500000469,20160301,100000043,EUR,1028.15,864,164.15
500000470,20160301,100000044,EUR,5523.38,4641.5,881.88
500000471,20160301,100000036,EUR,187.54,157.6,29.94
500000472,20160301,100000037,EUR,521.22,438,83.22
500000473,20160301,100000042,EUR,411.5,345.8,65.7
500000474,20160301,100000038,EUR,11552.52,9708,1844.52
500000475,20160301,100000044,EUR,26581.03,22337,4244.03
500000476,20160301,100000044,EUR,9417.66,7914,1503.66
500000477,20160301,100000044,EUR,5631.08,4732,899.08
500000478,20160301,100000042,EUR,1405.39,1181,224.39
500000479,20160301,100000041,EUR,761.24,639.7,121.54
500000480,20160301,100000037,EUR,101299.22,85125.4,16173.82
500000481,20160301,100000041,EUR,250.73,210.7,40.03
500000482,20160301,100000037,EUR,10549.35,8865,1684.35
500000483,20160301,100000043,EUR,195.16,164,31.16
500000484,20160301,100000044,EUR,107100,90000,17100
500000485,20160301,100000036,EUR,4415.73,3710.7,705.03
500000486,20160301,100000044,EUR,325.94,273.9,52.04
500000487,20160301,100000038,EUR,24220.07,20353,3867.07
500000488,20160301,100000037,EUR,4499.87,3781.4,718.47
500000489,20160301,100000037,EUR,2727.24,2291.8,435.44
500000490,20160301,100000042,EUR,530.62,445.9,84.72
500000491,20160301,100000041,EUR,803.25,675,128.25
500000492,20160301,100000036,EUR,178.14,149.7,28.44
500000493,20160301,100000038,EUR,871.55,732.4,139.15
500000494,20160301,100000043,EUR,6543.8,5499,1044.8
500000495,20160301,100000044,EUR,113032.74,94985.5,18047.24
500000496,20160301,100000036,EUR,114.24,96,18.24
500000497,20160301,100000042,EUR,521.22,438,83.22
500000498,20160301,100000037,EUR,411.5,345.8,65.7
500000499,20160301,100000038,EUR,11379.97,9563,1816.97
500000500,20160301,100000000,EUR,26581.03,22337,4244.03
500000501,20160301,100000002,EUR,9417.66,7914,1503.66
500000502,20160301,100000005,EUR,5631.08,4732,899.08
500000503,20160301,100000006,EUR,1405.39,1181,224.39
500000504,20160301,100000006,EUR,761.24,639.7,121.54
500000505,20160301,100000008,EUR,101299.22,85125.4,16173.82
500000506,20160301,100000003,EUR,250.73,210.7,40.03
500000507,20160301,100000004,EUR,10549.35,8865,1684.35
500000508,20160301,100000009,EUR,195.16,164,31.16
500000509,20160301,100000000,EUR,3972.22,3338,634.22
500000510,20160301,100000002,EUR,3598.92,3024.3,574.62
500000511,20160301,100000004,EUR,325.94,273.9,52.04
500000512,20160301,100000005,EUR,24395,20500,3895
500000513,20160301,100000006,EUR,5527.55,4645,882.55
500000514,20160301,100000006,EUR,3459.33,2907,552.33
500000515,20160301,100000008,EUR,852.04,716,136.04
500000516,20160301,100000004,EUR,1916.5,1610.5,306
500000517,20160301,100000005,EUR,178.14,149.7,28.44
500000518,20160301,100000002,EUR,871.55,732.4,139.15
500000519,20160301,100000009,EUR,1028.15,864,164.15
500000520,20160301,100000000,EUR,5523.38,4641.5,881.88
500000521,20160301,100000002,EUR,187.54,157.6,29.94
500000522,20160301,100000006,EUR,521.22,438,83.22
500000523,20160301,100000008,EUR,411.5,345.8,65.7
500000524,20160301,100000005,EUR,11552.52,9708,1844.52
500000525,20160301,100000003,EUR,26581.03,22337,4244.03
500000526,20160301,100000003,EUR,9417.66,7914,1503.66
500000527,20160301,100000003,EUR,5631.08,4732,899.08
500000528,20160301,100000008,EUR,1405.39,1181,224.39
500000529,20160301,100000004,EUR,761.24,639.7,121.54
500000530,20160301,100000006,EUR,101299.22,85125.4,16173.82
500000531,20160301,100000004,EUR,250.73,210.7,40.03
500000532,20160301,100000006,EUR,10549.35,8865,1684.35
500000533,20160301,100000009,EUR,195.16,164,31.16
500000534,20160301,100000000,EUR,107100,90000,17100
500000535,20160301,100000002,EUR,4415.73,3710.7,705.03
500000536,20160301,100000003,EUR,325.94,273.9,52.04
500000537,20160301,100000005,EUR,24220.07,20353,3867.07
500000538,20160301,100000006,EUR,4499.87,3781.4,718.47
500000539,20160301,100000006,EUR,2727.24,2291.8,435.44
500000540,20160301,100000008,EUR,530.62,445.9,84.72
500000541,20160301,100000004,EUR,803.25,675,128.25
500000542,20160301,100000002,EUR,178.14,149.7,28.44
500000543,20160301,100000005,EUR,871.55,732.4,139.15
500000544,20160301,100000009,EUR,6543.8,5499,1044.8
500000545,20160301,100000000,EUR,113032.74,94985.5,18047.24
500000546,20160301,100000002,EUR,114.24,96,18.24
500000547,20160301,100000008,EUR,521.22,438,83.22
500000548,20160301,100000006,EUR,411.5,345.8,65.7
500000549,20160301,100000005,EUR,11379.97,9563,1816.97
500000550,20160301,100000026,EUR,26581.03,22337,4244.03
500000551,20160301,100000025,EUR,9417.66,7914,1503.66
500000552,20160301,100000022,EUR,5631.08,4732,899.08
500000553,20160301,100000024,EUR,1405.39,1181,224.39
500000554,20160301,100000024,EUR,761.24,639.7,121.54
500000555,20160301,100000021,EUR,101299.22,85125.4,16173.82
500000556,20160301,100000023,EUR,250.73,210.7,40.03
500000557,20160301,100000019,EUR,10549.35,8865,1684.35
500000558,20160301,100000026,EUR,195.16,164,31.16
500000559,20160301,100000026,EUR,3972.22,3338,634.22
500000560,20160301,100000025,EUR,3598.92,3024.3,574.62
500000561,20160301,100000019,EUR,325.94,273.9,52.04
500000562,20160301,100000022,EUR,24395,20500,3895
500000563,20160301,100000024,EUR,5527.55,4645,882.55
500000564,20160301,100000024,EUR,3459.33,2907,552.33
500000565,20160301,100000021,EUR,852.04,716,136.04
500000566,20160301,100000019,EUR,1916.5,1610.5,306
500000567,20160301,100000022,EUR,178.14,149.7,28.44
500000568,20160301,100000025,EUR,871.55,732.4,139.15
500000569,20160301,100000026,EUR,1028.15,864,164.15
500000570,20160301,100000026,EUR,5523.38,4641.5,881.88
500000571,20160301,100000025,EUR,187.54,157.6,29.94
500000572,20160301,100000024,EUR,521.22,438,83.22
500000573,20160301,100000021,EUR,411.5,345.8,65.7
500000574,20160301,100000022,EUR,11552.52,9708,1844.52
500000575,20160301,100000023,EUR,26581.03,22337,4244.03
500000576,20160301,100000023,EUR,9417.66,7914,1503.66
500000577,20160301,100000023,EUR,5631.08,4732,899.08
500000578,20160301,100000021,EUR,1405.39,1181,224.39
500000579,20160301,100000019,EUR,761.24,639.7,121.54
500000580,20160301,100000024,EUR,101299.22,85125.4,16173.82
500000581,20160301,100000019,EUR,250.73,210.7,40.03
500000582,20160301,100000024,EUR,10549.35,8865,1684.35
500000583,20160301,100000026,EUR,195.16,164,31.16
500000584,20160301,100000026,EUR,107100,90000,17100
500000585,20160301,100000025,EUR,4415.73,3710.7,705.03
500000586,20160301,100000023,EUR,325.94,273.9,52.04
500000587,20160301,100000022,EUR,24220.07,20353,3867.07
500000588,20160301,100000024,EUR,4499.87,3781.4,718.47
500000589,20160301,100000024,EUR,2727.24,2291.8,435.44
500000590,20160301,100000021,EUR,530.62,445.9,84.72
500000591,20160301,100000019,EUR,803.25,675,128.25
500000592,20160301,100000025,EUR,178.14,149.7,28.44
500000593,20160301,100000022,EUR,871.55,732.4,139.15
500000594,20160301,100000026,EUR,6543.8,5499,1044.8
500000595,20160301,100000026,EUR,113032.74,94985.5,18047.24
500000596,20160301,100000025,EUR,114.24,96,18.24
500000597,20160301,100000021,EUR,521.22,438,83.22
500000598,20160301,100000024,EUR,411.5,345.8,65.7
500000599,20160301,100000022,EUR,11379.97,9563,1816.97
500000600,20160301,100000012,EUR,26581.03,22337,4244.03
500000601,20160301,100000011,EUR,9417.66,7914,1503.66
500000602,20160301,100000015,EUR,5631.08,4732,899.08
500000603,20160301,100000013,EUR,1405.39,1181,224.39
500000604,20160301,100000013,EUR,761.24,639.7,121.54
500000605,20160301,100000014,EUR,101299.22,85125.4,16173.82
500000606,20160301,100000016,EUR,250.73,210.7,40.03
500000607,20160301,100000017,EUR,10549.35,8865,1684.35
500000608,20160301,100000018,EUR,195.16,164,31.16
500000609,20160301,100000012,EUR,3972.22,3338,634.22
500000610,20160301,100000011,EUR,3598.92,3024.3,574.62
500000611,20160301,100000017,EUR,325.94,273.9,52.04
500000612,20160301,100000015,EUR,24395,20500,3895
500000613,20160301,100000013,EUR,5527.55,4645,882.55
500000614,20160301,100000013,EUR,3459.33,2907,552.33
500000615,20160301,100000014,EUR,852.04,716,136.04
500000616,20160301,100000017,EUR,1916.5,1610.5,306
500000617,20160301,100000015,EUR,178.14,149.7,28.44
500000618,20160301,100000011,EUR,871.55,732.4,139.15
500000619,20160301,100000018,EUR,1028.15,864,164.15
500000620,20160301,100000012,EUR,5523.38,4641.5,881.88
500000621,20160301,100000011,EUR,187.54,157.6,29.94
500000622,20160301,100000013,EUR,521.22,438,83.22
500000623,20160301,100000014,EUR,411.5,345.8,65.7
500000624,20160301,100000015,EUR,11552.52,9708,1844.52
500000625,20160301,100000016,EUR,26581.03,22337,4244.03
500000626,20160301,100000016,EUR,9417.66,7914,1503.66
500000627,20160301,100000016,EUR,5631.08,4732,899.08
500000628,20160301,100000014,EUR,1405.39,1181,224.39
500000629,20160301,100000017,EUR,761.24,639.7,121.54
500000630,20160301,100000013,EUR,101299.22,85125.4,16173.82
500000631,20160301,100000017,EUR,250.73,210.7,40.03
500000632,20160301,100000013,EUR,10549.35,8865,1684.35
500000633,20160301,100000018,EUR,195.16,164,31.16
500000634,20160301,100000012,EUR,107100,90000,17100
500000635,20160301,100000011,EUR,4415.73,3710.7,705.03
500000636,20160301,100000016,EUR,325.94,273.9,52.04
500000637,20160301,100000015,EUR,24220.07,20353,3867.07
500000638,20160301,100000013,EUR,4499.87,3781.4,718.47
500000639,20160301,100000013,EUR,2727.24,2291.8,435.44
500000640,20160301,100000014,EUR,530.62,445.9,84.72
500000641,20160301,100000017,EUR,803.25,675,128.25
500000642,20160301,100000011,EUR,178.14,149.7,28.44
500000643,20160301,100000015,EUR,871.55,732.4,139.15
500000644,20160301,100000018,EUR,6543.8,5499,1044.8
500000645,20160301,100000012,EUR,113032.74,94985.5,18047.24
500000646,20160301,100000011,EUR,114.24,96,18.24
500000647,20160301,100000014,EUR,521.22,438,83.22
500000648,20160301,100000013,EUR,411.5,345.8,65.7
500000649,20160301,100000015,EUR,11379.97,9563,1816.97
500000650,20160301,100000028,EUR,26581.03,22337,4244.03
500000651,20160301,100000030,EUR,9417.66,7914,1503.66
500000652,20160301,100000031,EUR,5631.08,4732,899.08
500000653,20160301,100000032,EUR,1405.39,1181,224.39
500000654,20160301,100000032,EUR,761.24,639.7,121.54
500000655,20160301,100000033,EUR,101299.22,85125.4,16173.82
500000656,20160301,100000034,EUR,250.73,210.7,40.03
500000657,20160301,100000035,EUR,10549.35,8865,1684.35
500000658,20160301,100000027,EUR,195.16,164,31.16
500000659,20160301,100000028,EUR,3972.22,3338,634.22
500000660,20160301,100000030,EUR,3598.92,3024.3,574.62
500000661,20160301,100000035,EUR,325.94,273.9,52.04
500000662,20160301,100000031,EUR,24395,20500,3895
500000663,20160301,100000032,EUR,5527.55,4645,882.55
500000664,20160301,100000032,EUR,3459.33,2907,552.33
500000665,20160301,100000033,EUR,852.04,716,136.04
500000666,20160301,100000035,EUR,1916.5,1610.5,306
500000667,20160301,100000031,EUR,178.14,149.7,28.44
500000668,20160301,100000030,EUR,871.55,732.4,139.15
500000669,20160301,100000027,EUR,1028.15,864,164.15
500000670,20160301,100000028,EUR,5523.38,4641.5,881.88
500000671,20160301,100000030,EUR,187.54,157.6,29.94
500000672,20160301,100000032,EUR,521.22,438,83.22
500000673,20160301,100000033,EUR,411.5,345.8,65.7
500000674,20160301,100000031,EUR,11552.52,9708,1844.52
500000675,20160301,100000034,EUR,26581.03,22337,4244.03
500000676,20160301,100000034,EUR,9417.66,7914,1503.66
500000677,20160301,100000034,EUR,5631.08,4732,899.08
500000678,20160301,100000033,EUR,1405.39,1181,224.39
500000679,20160301,100000035,EUR,761.24,639.7,121.54
500000680,20160301,100000032,EUR,101299.22,85125.4,16173.82
500000681,20160301,100000035,EUR,250.73,210.7,40.03
500000682,20160301,100000032,EUR,10549.35,8865,1684.35
500000683,20160301,100000027,EUR,195.16,164,31.16
500000684,20160301,100000028,EUR,107100,90000,17100
500000685,20160301,100000030,EUR,4415.73,3710.7,705.03
500000686,20170701,100000034,EUR,325.94,273.9,52.04
500000687,20170701,100000031,EUR,24220.07,20353,3867.07
500000688,20170701,100000032,EUR,4499.87,3781.4,718.47
500000689,20170701,100000032,EUR,2727.24,2291.8,435.44
500000690,20170701,100000033,EUR,530.62,445.9,84.72
500000691,20170701,100000035,EUR,803.25,675,128.25
500000692,20170701,100000030,EUR,178.14,149.7,28.44
500000693,20170701,100000031,EUR,871.55,732.4,139.15
500000694,20170701,100000027,EUR,6543.8,5499,1044.8
500000695,20170701,100000028,EUR,113032.74,94985.5,18047.24
500000696,20170701,100000030,EUR,114.24,96,18.24
500000697,20170701,100000033,EUR,521.22,438,83.22
500000698,20170701,100000032,EUR,411.5,345.8,65.7
500000699,20170701,100000031,EUR,11379.97,9563,1816.97
500000700,20170701,100000044,EUR,26581.03,22337,4244.03
500000701,20170701,100000036,EUR,9417.66,7914,1503.66
500000702,20170701,100000038,EUR,5631.08,4732,899.08
500000703,20170701,100000037,EUR,1405.39,1181,224.39
500000704,20170701,100000037,EUR,761.24,639.7,121.54
500000705,20170701,100000042,EUR,101299.22,85125.4,16173.82
500000706,20170701,100000044,EUR,250.73,210.7,40.03
500000707,20170701,100000041,EUR,10549.35,8865,1684.35
500000708,20170701,100000043,EUR,195.16,164,31.16
500000709,20170701,100000044,EUR,3972.22,3338,634.22
500000710,20170701,100000036,EUR,3598.92,3024.3,574.62
500000711,20170701,100000041,EUR,325.94,273.9,52.04
500000712,20170701,100000038,EUR,24395,20500,3895
500000713,20170701,100000037,EUR,5527.55,4645,882.55
500000714,20170701,100000037,EUR,3459.33,2907,552.33
500000715,20170701,100000042,EUR,852.04,716,136.04
500000716,20170701,100000041,EUR,1916.5,1610.5,306
500000717,20170701,100000038,EUR,178.14,149.7,28.44
500000718,20170701,100000036,EUR,871.55,732.4,139.15
500000719,20170701,100000043,EUR,1028.15,864,164.15
500000720,20170701,100000044,EUR,5523.38,4641.5,881.88
500000721,20170701,100000036,EUR,187.54,157.6,29.94
500000722,20170701,100000037,EUR,521.22,438,83.22
500000723,20170701,100000042,EUR,411.5,345.8,65.7
500000724,20170701,100000038,EUR,11552.52,9708,1844.52
500000725,20170701,100000044,EUR,26581.03,22337,4244.03
500000726,20170701,100000044,EUR,9417.66,7914,1503.66
500000727,20170701,100000044,EUR,5631.08,4732,899.08
500000728,20170701,100000042,EUR,1405.39,1181,224.39
500000729,20170701,100000041,EUR,761.24,639.7,121.54
500000730,20170701,100000037,EUR,101299.22,85125.4,16173.82
500000731,20170701,100000041,EUR,250.73,210.7,40.03
500000732,20170701,100000037,EUR,10549.35,8865,1684.35
500000733,20170701,100000043,EUR,195.16,164,31.16
500000734,20170701,100000044,EUR,107100,90000,17100
500000735,20170701,100000036,EUR,4415.73,3710.7,705.03
500000736,20170701,100000044,EUR,325.94,273.9,52.04
500000737,20170701,100000038,EUR,24220.07,20353,3867.07
500000738,20170701,100000037,EUR,4499.87,3781.4,718.47
500000739,20170701,100000037,EUR,2727.24,2291.8,435.44
500000740,20170701,100000042,EUR,530.62,445.9,84.72
500000741,20170701,100000041,EUR,803.25,675,128.25
500000742,20170701,100000036,EUR,178.14,149.7,28.44
500000743,20170701,100000038,EUR,871.55,732.4,139.15
500000744,20170701,100000043,EUR,6543.8,5499,1044.8
500000745,20170701,100000044,EUR,113032.74,94985.5,18047.24
500000746,20170701,100000036,EUR,114.24,96,18.24
500000747,20170701,100000042,EUR,521.22,438,83.22
500000748,20170701,100000037,EUR,411.5,345.8,65.7
500000749,20170701,100000038,EUR,11379.97,9563,1816.97
500000750,20170701,100000000,EUR,26581.03,22337,4244.03
500000751,20170701,100000002,EUR,9417.66,7914,1503.66
500000752,20170701,100000005,EUR,5631.08,4732,899.08
500000753,20170701,100000006,EUR,1405.39,1181,224.39
500000754,20170701,100000006,EUR,761.24,639.7,121.54
500000755,20170701,100000008,EUR,101299.22,85125.4,16173.82
500000756,20170701,100000003,EUR,250.73,210.7,40.03
500000757,20170701,100000004,EUR,10549.35,8865,1684.35
500000758,20170701,100000009,EUR,195.16,164,31.16
500000759,20170701,100000000,EUR,3972.22,3338,634.22
500000760,20170701,100000002,EUR,3598.92,3024.3,574.62
500000761,20170701,100000004,EUR,325.94,273.9,52.04
500000762,20170701,100000005,EUR,24395,20500,3895
500000763,20170701,100000006,EUR,5527.55,4645,882.55
500000764,20170701,100000006,EUR,3459.33,2907,552.33
500000765,20170701,100000008,EUR,852.04,716,136.04
500000766,20170701,100000004,EUR,1916.5,1610.5,306
500000767,20170701,100000005,EUR,178.14,149.7,28.44
500000768,20170701,100000002,EUR,871.55,732.4,139.15
500000769,20170701,100000009,EUR,1028.15,864,164.15
500000770,20170701,100000000,EUR,5523.38,4641.5,881.88
500000771,20170701,100000002,EUR,187.54,157.6,29.94
500000772,20170701,100000006,EUR,521.22,438,83.22
500000773,20170701,100000008,EUR,411.5,345.8,65.7
500000774,20170701,100000005,EUR,11552.52,9708,1844.52
500000775,20170701,100000003,EUR,26581.03,22337,4244.03
500000776,20170701,100000003,EUR,9417.66,7914,1503.66
500000777,20170701,100000003,EUR,5631.08,4732,899.08
500000778,20170701,100000008,EUR,1405.39,1181,224.39
500000779,20170701,100000004,EUR,761.24,639.7,121.54
500000780,20170701,100000006,EUR,101299.22,85125.4,16173.82
500000781,20170701,100000004,EUR,250.73,210.7,40.03
500000782,20170701,100000006,EUR,10549.35,8865,1684.35
500000783,20170701,100000009,EUR,195.16,164,31.16
500000784,20170701,100000000,EUR,107100,90000,17100
500000785,20170701,100000002,EUR,4415.73,3710.7,705.03
500000786,20170701,100000003,EUR,325.94,273.9,52.04
500000787,20170701,100000005,EUR,24220.07,20353,3867.07
500000788,20170701,100000006,EUR,4499.87,3781.4,718.47
500000789,20170701,100000006,EUR,2727.24,2291.8,435.44
500000790,20170701,100000008,EUR,530.62,445.9,84.72
500000791,20170701,100000004,EUR,803.25,675,128.25
500000792,20170701,100000002,EUR,178.14,149.7,28.44
500000793,20170701,100000005,EUR,871.55,732.4,139.15
500000794,20170701,100000009,EUR,6543.8,5499,1044.8
500000795,20170701,100000000,EUR,113032.74,94985.5,18047.24
500000796,20170701,100000002,EUR,114.24,96,18.24
500000797,20170701,100000008,EUR,521.22,438,83.22
500000798,20170701,100000006,EUR,411.5,345.8,65.7
500000799,20170701,100000005,EUR,11379.97,9563,1816.97
500000800,20170701,100000026,EUR,26581.03,22337,4244.03
500000801,20170701,100000025,EUR,9417.66,7914,1503.66
500000802,20170701,100000022,EUR,5631.08,4732,899.08
500000803,20170701,100000024,EUR,1405.39,1181,224.39
500000804,20170701,100000024,EUR,761.24,639.7,121.54
500000805,20170701,100000021,EUR,101299.22,85125.4,16173.82
500000806,20170701,100000023,EUR,250.73,210.7,40.03
500000807,20170701,100000019,EUR,10549.35,8865,1684.35
500000808,20170701,100000026,EUR,195.16,164,31.16
500000809,20170701,100000026,EUR,3972.22,3338,634.22
500000810,20170701,100000025,EUR,3598.92,3024.3,574.62
500000811,20170701,100000019,EUR,325.94,273.9,52.04
500000812,20170701,100000022,EUR,24395,20500,3895
500000813,20170701,100000024,EUR,5527.55,4645,882.55
500000814,20170701,100000024,EUR,3459.33,2907,552.33
500000815,20170701,100000021,EUR,852.04,716,136.04
500000816,20170701,100000019,EUR,1916.5,1610.5,306
500000817,20170701,100000022,EUR,178.14,149.7,28.44
500000818,20170701,100000025,EUR,871.55,732.4,139.15
500000819,20170701,100000026,EUR,1028.15,864,164.15
500000820,20170701,100000026,EUR,5523.38,4641.5,881.88
500000821,20170701,100000025,EUR,187.54,157.6,29.94
500000822,20170701,100000024,EUR,521.22,438,83.22
500000823,20170701,100000021,EUR,411.5,345.8,65.7
500000824,20170701,100000022,EUR,11552.52,9708,1844.52
500000825,20170701,100000023,EUR,26581.03,22337,4244.03
500000826,20170701,100000023,EUR,9417.66,7914,1503.66
500000827,20170701,100000023,EUR,5631.08,4732,899.08
500000828,20170701,100000021,EUR,1405.39,1181,224.39
500000829,20170701,100000019,EUR,761.24,639.7,121.54
500000830,20170701,100000024,EUR,101299.22,85125.4,16173.82
500000831,20170701,100000019,EUR,250.73,210.7,40.03
500000832,20170701,100000024,EUR,10549.35,8865,1684.35
500000833,20170701,100000026,EUR,195.16,164,31.16
500000834,20170701,100000026,EUR,107100,90000,17100
500000835,20170701,100000025,EUR,4415.73,3710.7,705.03
500000836,20170701,100000023,EUR,325.94,273.9,52.04
500000837,20170701,100000022,EUR,24220.07,20353,3867.07
500000838,20170701,100000024,EUR,4499.87,3781.4,718.47
500000839,20170701,100000024,EUR,2727.24,2291.8,435.44
500000840,20170701,100000021,EUR,530.62,445.9,84.72
500000841,20170701,100000019,EUR,803.25,675,128.25
500000842,20170701,100000025,EUR,178.14,149.7,28.44
500000843,20170701,100000022,EUR,871.55,732.4,139.15
500000844,20170701,100000026,EUR,6543.8,5499,1044.8
500000845,20170701,100000026,EUR,113032.74,94985.5,18047.24
500000846,20170701,100000025,EUR,114.24,96,18.24
500000847,20170701,100000021,EUR,521.22,438,83.22
500000848,20170701,100000024,EUR,411.5,345.8,65.7
500000849,20170701,100000022,EUR,11379.97,9563,1816.97
500000850,20170701,100000012,EUR,26581.03,22337,4244.03
500000851,20170701,100000011,EUR,9417.66,7914,1503.66
500000852,20170701,100000015,EUR,5631.08,4732,899.08
500000853,20170701,100000013,EUR,1405.39,1181,224.39
500000854,20170701,100000013,EUR,761.24,639.7,121.54
500000855,20170701,100000014,EUR,101299.22,85125.4,16173.82
500000856,20170701,100000016,EUR,250.73,210.7,40.03
500000857,20170701,100000017,EUR,10549.35,8865,1684.35
500000858,20170701,100000018,EUR,195.16,164,31.16
500000859,20170701,100000012,EUR,3972.22,3338,634.22
500000860,20170701,100000011,EUR,3598.92,3024.3,574.62
500000861,20170701,100000017,EUR,325.94,273.9,52.04
500000862,20170701,100000015,EUR,24395,20500,3895
500000863,20170701,100000013,EUR,5527.55,4645,882.55
500000864,20170701,100000013,EUR,3459.33,2907,552.33
500000865,20170701,100000014,EUR,852.04,716,136.04
500000866,20170701,100000017,EUR,1916.5,1610.5,306
500000867,20170701,100000015,EUR,178.14,149.7,28.44
500000868,20170701,100000011,EUR,871.55,732.4,139.15
500000869,20170701,100000018,EUR,1028.15,864,164.15
500000870,20170701,100000012,EUR,5523.38,4641.5,881.88
500000871,20170701,100000011,EUR,187.54,157.6,29.94
500000872,20170701,100000013,EUR,521.22,438,83.22
500000873,20170701,100000014,EUR,411.5,345.8,65.7
500000874,20170701,100000015,EUR,11552.52,9708,1844.52
500000875,20170701,100000016,EUR,26581.03,22337,4244.03
500000876,20170701,100000016,EUR,9417.66,7914,1503.66
500000877,20170701,100000016,EUR,5631.08,4732,899.08
500000878,20170701,100000014,EUR,1405.39,1181,224.39
500000879,20170701,100000017,EUR,761.24,639.7,121.54
500000880,20170701,100000013,EUR,101299.22,85125.4,16173.82
500000881,20170701,100000017,EUR,250.73,210.7,40.03
500000882,20170701,100000013,EUR,10549.35,8865,1684.35
500000883,20170701,100000018,EUR,195.16,164,31.16
500000884,20170701,100000012,EUR,107100,90000,17100
500000885,20170701,100000011,EUR,4415.73,3710.7,705.03
500000886,20170701,100000016,EUR,325.94,273.9,52.04
500000887,20170701,100000015,EUR,24220.07,20353,3867.07
500000888,20170701,100000013,EUR,4499.87,3781.4,718.47
500000889,20170701,100000013,EUR,2727.24,2291.8,435.44
500000890,20170701,100000014,EUR,530.62,445.9,84.72
500000891,20170701,100000017,EUR,803.25,675,128.25
500000892,20170701,100000011,EUR,178.14,149.7,28.44
500000893,20170701,100000015,EUR,871.55,732.4,139.15
500000894,20170701,100000018,EUR,6543.8,5499,1044.8
500000895,20170701,100000012,EUR,113032.74,94985.5,18047.24
500000896,20170701,100000011,EUR,114.24,96,18.24
500000897,20170701,100000014,EUR,521.22,438,83.22
500000898,20170701,100000013,EUR,411.5,345.8,65.7
500000899,20170701,100000015,EUR,11379.97,9563,1816.97
500000900,20170701,100000028,EUR,26581.03,22337,4244.03
500000901,20170701,100000030,EUR,9417.66,7914,1503.66
500000902,20170701,100000031,EUR,5631.08,4732,899.08
500000903,20170701,100000032,EUR,1405.39,1181,224.39
500000904,20170701,100000032,EUR,761.24,639.7,121.54
500000905,20170701,100000033,EUR,101299.22,85125.4,16173.82
500000906,20170701,100000034,EUR,250.73,210.7,40.03
500000907,20170701,100000035,EUR,10549.35,8865,1684.35
500000908,20170701,100000027,EUR,195.16,164,31.16
500000909,20170701,100000028,EUR,3972.22,3338,634.22
500000910,20170701,100000030,EUR,3598.92,3024.3,574.62
500000911,20170701,100000035,EUR,325.94,273.9,52.04
500000912,20170701,100000031,EUR,24395,20500,3895
500000913,20170701,100000032,EUR,5527.55,4645,882.55
500000914,20170701,100000032,EUR,3459.33,2907,552.33
500000915,20170701,100000033,EUR,852.04,716,136.04
500000916,20170701,100000035,EUR,1916.5,1610.5,306
500000917,20170701,100000031,EUR,178.14,149.7,28.44
500000918,20170701,100000030,EUR,871.55,732.4,139.15
500000919,20170701,100000027,EUR,1028.15,864,164.15
500000920,20170701,100000028,EUR,5523.38,4641.5,881.88
500000921,20170701,100000030,EUR,187.54,157.6,29.94
500000922,20170701,100000032,EUR,521.22,438,83.22
500000923,20170701,100000033,EUR,411.5,345.8,65.7
500000924,20170701,100000031,EUR,11552.52,9708,1844.52
500000925,20170701,100000034,EUR,26581.03,22337,4244.03
500000926,20170701,100000034,EUR,9417.66,7914,1503.66
500000927,20170701,100000034,EUR,5631.08,4732,899.08
500000928,20170701,100000033,EUR,1405.39,1181,224.39
500000929,20170701,100000035,EUR,761.24,639.7,121.54
500000930,20170701,100000032,EUR,101299.22,85125.4,16173.82
500000931,20170701,100000035,EUR,250.73,210.7,40.03
500000932,20170701,100000032,EUR,10549.35,8865,1684.35
500000933,20170701,100000027,EUR,195.16,164,31.16
500000934,20170701,100000028,EUR,107100,90000,17100
500000935,20170701,100000030,EUR,4415.73,3710.7,705.03
500000936,20170701,100000034,EUR,325.94,273.9,52.04
500000937,20170701,100000031,EUR,24220.07,20353,3867.07
500000938,20170701,100000032,EUR,4499.87,3781.4,718.47
500000939,20170701,100000032,EUR,2727.24,2291.8,435.44
500000940,20170701,100000033,EUR,530.62,445.9,84.72
500000941,20170701,100000035,EUR,803.25,675,128.25
500000942,20170701,100000030,EUR,178.14,149.7,28.44
500000943,20170701,100000031,EUR,871.55,732.4,139.15
500000944,20170701,100000027,EUR,6543.8,5499,1044.8
500000945,20170701,100000028,EUR,113032.74,94985.5,18047.24
500000946,20170701,100000030,EUR,114.24,96,18.24
500000947,20170701,100000033,EUR,521.22,438,83.22
500000948,20170701,100000032,EUR,411.5,345.8,65.7
500000949,20170701,100000031,EUR,11379.97,9563,1816.97
500000950,20170701,100000044,EUR,26581.03,22337,4244.03
500000951,20170701,100000036,EUR,9417.66,7914,1503.66
500000952,20170701,100000038,EUR,5631.08,4732,899.08
500000953,20170701,100000037,EUR,1405.39,1181,224.39
500000954,20170701,100000037,EUR,761.24,639.7,121.54
500000955,20170701,100000042,EUR,101299.22,85125.4,16173.82
500000956,20170701,100000044,EUR,250.73,210.7,40.03
500000957,20170701,100000041,EUR,10549.35,8865,1684.35
500000958,20170701,100000043,EUR,195.16,164,31.16
500000959,20170701,100000044,EUR,3972.22,3338,634.22
500000960,20170701,100000036,EUR,3598.92,3024.3,574.62
500000961,20170701,100000041,EUR,325.94,273.9,52.04
500000962,20170701,100000038,EUR,24395,20500,3895
500000963,20170701,100000037,EUR,5527.55,4645,882.55
500000964,20170701,100000037,EUR,3459.33,2907,552.33
500000965,20170701,100000042,EUR,852.04,716,136.04
500000966,20170701,100000041,EUR,1916.5,1610.5,306
500000967,20170701,100000038,EUR,178.14,149.7,28.44
500000968,20170701,100000036,EUR,871.55,732.4,139.15
500000969,20170701,100000043,EUR,1028.15,864,164.15
500000970,20170701,100000044,EUR,5523.38,4641.5,881.88
500000971,20170701,100000036,EUR,187.54,157.6,29.94
500000972,20170701,100000037,EUR,521.22,438,83.22
500000973,20170701,100000042,EUR,411.5,345.8,65.7
500000974,20170701,100000038,EUR,11552.52,9708,1844.52
500000975,20170701,100000044,EUR,26581.03,22337,4244.03
500000976,20170701,100000044,EUR,9417.66,7914,1503.66
500000977,20170701,100000044,EUR,5631.08,4732,899.08
500000978,20170701,100000042,EUR,1405.39,1181,224.39
500000979,20170701,100000041,EUR,761.24,639.7,121.54
500000980,20170701,100000037,EUR,101299.22,85125.4,16173.82
500000981,20170701,100000041,EUR,250.73,210.7,40.03
500000982,20170701,100000037,EUR,10549.35,8865,1684.35
500000983,20170701,100000043,EUR,195.16,164,31.16
500000984,20170701,100000044,EUR,107100,90000,17100
500000985,20170701,100000036,EUR,4415.73,3710.7,705.03
500000986,20170701,100000044,EUR,325.94,273.9,52.04
500000987,20170701,100000038,EUR,24220.07,20353,3867.07
500000988,20170701,100000037,EUR,4499.87,3781.4,718.47
500000989,20170701,100000037,EUR,2727.24,2291.8,435.44
500000990,20170701,100000042,EUR,530.62,445.9,84.72
500000991,20160901,100000041,EUR,803.25,675,128.25
500000992,20160901,100000036,EUR,178.14,149.7,28.44
500000993,20160901,100000038,EUR,871.55,732.4,139.15
500000994,20160901,100000043,EUR,6543.8,5499,1044.8
500000995,20160901,100000044,EUR,113032.74,94985.5,18047.24
500000996,20160901,100000036,EUR,114.24,96,18.24
500000997,20160901,100000042,EUR,521.22,438,83.22
500000998,20160901,100000037,EUR,411.5,345.8,65.7
500000999,20160901,100000038,EUR,11379.97,9563,1816.97
500001000,20160901,100000041,EUR,250.73,210.7,40.03
500001001,20160901,100000037,EUR,10549.35,8865,1684.35
500001002,20160901,100000043,EUR,195.16,164,31.16
500001003,20160901,100000044,EUR,107100,90000,17100
500001004,20160901,100000036,EUR,4415.73,3710.7,705.03
500001005,20160901,100000044,EUR,325.94,273.9,52.04
500001006,20160901,100000038,EUR,24220.07,20353,3867.07
500001007,20160901,100000037,EUR,4499.87,3781.4,718.47
500001008,20160901,100000037,EUR,2727.24,2291.8,435.44
500001009,20160901,100000042,EUR,530.62,445.9,84.72
500001010,20160901,100000042,EUR,530.62,445.9,84.72
500001011,20160901,100000042,EUR,530.62,445.9,84.72
500001012,20160901,100000042,EUR,530.62,445.9,84.72
500001013,20160901,100000044,EUR,325.94,273.9,52.04
500001014,20160901,100000044,EUR,325.94,273.9,52.04
500001015,20160901,100000044,EUR,325.94,273.9,52.04
500001016,20160901,100000044,EUR,325.94,273.9,52.04
500001017,20160901,100000044,EUR,325.94,273.9,52.04
500001018,20160901,100000044,EUR,325.94,273.9,52.04
500001019,20160901,100000044,EUR,325.94,273.9,52.04
500001020,20160901,100000044,EUR,325.94,273.9,52.04
500001021,20160901,100000044,EUR,325.94,273.9,52.04
500001022,20160901,100000044,EUR,325.94,273.9,52.04
500001023,20160901,100000044,EUR,325.94,273.9,52.04
500001024,20160901,100000044,EUR,325.94,273.9,52.04
500001025,20160901,100000044,EUR,325.94,273.9,52.04
500001026,20160901,100000044,EUR,325.94,273.9,52.04
500001027,20160901,100000044,EUR,325.94,273.9,52.04
500001028,20160901,100000044,EUR,325.94,273.9,52.04